{"GLOBAL_PRESET_BIKE":{"fpp":{"cameraFOV":54.536441802979,"steeringSensitivity":45.159999847412,"cameraXRotation":-0.090000003576279,"cameraYRotation":0,"cameraZRotation":0,"cameraXPosition":0,"cameraYPosition":-0.10999999940395,"cameraZPosition":0.05799999833107}},"GLOBAL_PRESET_CAR":{"fpp":{"cameraFOV":54.536441802979,"steeringSensitivity":32.220001220703,"cameraXRotation":-0.041999999433756,"cameraYRotation":0,"cameraZRotation":0,"cameraXPosition":0,"cameraYPosition":-0.078000001609325,"cameraZPosition":0}},"Vehicle.pkd_hdthundergod":{"vehicleDisplayName":"Harley-Davidson Thundergod","fpp":{"cameraFOV":70.152000427246,"steeringSensitivity":45.159999847412,"cameraXRotation":-0.075000002980232,"cameraYRotation":0,"cameraZRotation":0,"cameraXPosition":0,"cameraYPosition":-0.13600000739098,"cameraZPosition":0.10999999940395}}}
